<?xml version="1.0" encoding="UTF-8"?>
<!--
 Copyright (C) 2009 tm2gtksw2(Alexandre da Silva)

 This file was generated from a textmate theme named All Hallow's Eve
 with tm2gtksw2 tool. (Alexandre da Silva)

 This library is free software; you can redistribute it and/or
 modify it under the terms of the GNU Library General Public
 License as published by the Free Software Foundation; either
 version 2 of the License, or (at your option) any later version.

 This library is distributed in the hope that it will be useful,
 but WITHOUT ANY WARRANTY; without even the implied warranty of
 MERCHANTABILITY or FITNESS FOR A PARTICULAR PURPOSE.  See the GNU
 Library General Public License for more details.

 You should have received a copy of the GNU Library General Public
 License along with this library; if not, write to the
 Free Software Foundation, Inc., 59 Temple Place - Suite 330,
 Boston, MA 02111-1307, USA.
-->

<style-scheme id="allhallowseve" _name="All Hallow's Eve" version="1.0">
  <author>tm2gtksw2(Alexandre da Silva)</author>
  <_description>GMate Theme - Generated from textmate theme with tm2gtksw2</_description>

  <style name="bracket-match"  background="#333300" bold="true"/>
  <style name="bracket-mismatch"  background="#333300" underline="true"/>
  <style name="c:preprocessor" foreground="#d0d0ff"/>
  <style name="css:at-rules" foreground="#cc7833"/>
  <style name="css:color" foreground="#3387cc"/>
  <style name="current-line"  background="#333300"/>
  <style name="cursor" foreground="#ffffff"/>
  <style name="def:base-n-integer" foreground="#3387cc"/>
  <style name="def:boolean" foreground="#3387cc"/>
  <style name="def:builtin" foreground="#3387cc"/>
  <style name="def:character" foreground="#66cc33"/>
  <style name="def:comment" foreground="#9933cc"/>
  <style name="def:complex" foreground="#3387cc"/>
  <style name="def:constant" foreground="#3387cc"/>
  <style name="def:decimal" foreground="#3387cc"/>
  <style name="def:doc-comment" foreground="#9933cc"/>
  <style name="def:doc-comment-element" foreground="#9933cc"/>
  <style name="def:floating-point" foreground="#3387cc"/>
  <style name="def:keyword" foreground="#cc7833"/>
  <style name="def:note" foreground="#9933cc"/>
  <style name="def:number" foreground="#3387cc"/>
  <style name="def:operator" foreground="#cc7833"/>
  <style name="def:preprocessor" foreground="#cc7833"/>
  <style name="def:reserved" foreground="#cc7833"/>
  <style name="def:shebang" foreground="#9933cc"/>
  <style name="def:special-char" foreground="#3387cc"/>
  <style name="def:special-constant" foreground="#3387cc"/>
  <style name="def:statement" foreground="#cc7833"/>
  <style name="def:string" foreground="#66cc33"/>
  <style name="draw-spaces" foreground="#404040"/>
  <style name="html:dtd" foreground="#66cc33"/>
  <style name="html:tag"  underline="true"/>
  <style name="js:function" foreground="#c83730"/>
  <style name="line-numbers" foreground="#ffffff" background="#333300"/>
  <style name="perl:include-statement" foreground="#cc7833"/>
  <style name="perl:line-directive" foreground="#3387cc"/>
  <style name="perl:special-variable" foreground="#cc7833"/>
  <style name="perl:type" foreground="#3387cc"/>
  <style name="php:string" foreground="#66cc33"/>
  <style name="python:builtin-constant" foreground="#cc7833"/>
  <style name="python:builtin-function" foreground="#3387cc"/>
  <style name="python:builtin-object" foreground="#3387cc"/>
  <style name="python:module-handler" foreground="#cc7833"/>
  <style name="python:special-variable" foreground="#cc7833"/>
  <style name="ruby:attribute-definition" foreground="#cc7833"/>
  <style name="ruby:constant" foreground="#3387cc"/>
  <style name="ruby:module-handler" foreground="#cc7833"/>
  <style name="ruby:predefined-variable" foreground="#3387cc"/>
  <style name="ruby:regex" foreground="#cccc33"/>
  <style name="ruby:special-variable" foreground="#cc7833"/>
  <style name="ruby:symbol" foreground="#3387cc"/>
  <style name="rubyonrails:attribute-definition" foreground="#cc7833"/>
  <style name="rubyonrails:block-parameter"  italic="true"/>
  <style name="rubyonrails:class-inherit"  underline="true" italic="true"/>
  <style name="rubyonrails:class-name"  underline="true"/>
  <style name="rubyonrails:complex-interpolation" foreground="#000000" background="#cccc33"/>
  <style name="rubyonrails:constant" foreground="#3387cc"/>
  <style name="rubyonrails:module-handler" foreground="#cc7833"/>
  <style name="rubyonrails:module-name"  underline="true"/>
  <style name="rubyonrails:predefined-variable" foreground="#3387cc"/>
  <style name="rubyonrails:rails" foreground="#ffffff" background="#000000"/>
  <style name="rubyonrails:regex" foreground="#cccc33"/>
  <style name="rubyonrails:simple-interpolation" foreground="#000000" background="#cccc33"/>
  <style name="rubyonrails:special-variable" foreground="#cc7833"/>
  <style name="rubyonrails:symbol" foreground="#3387cc"/>
  <style name="search-match"  background="#333300" bold="true" underline="true"/>
  <style name="selection" foreground="#ffffff" background="#654e6e"/>
  <style name="text" foreground="#ffffff" background="#000000"/>
  <style name="xml:element-name"  underline="true"/>
  <style name="xml:namespace"  underline="true"/>
  <style name="xml:tag"  underline="true"/>
  

</style-scheme>

