<?xml version="1.0" ?>
<style-scheme id="autumn" name="Autumn" version="1.0">
	<author/>
	<_description>Autumn theme</_description>
	<style background="#f0f2f0" foreground="#Black" name="text"/>
	<style background="#red" foreground="#black" name="cursor"/>
	<style background="#447744" foreground="#aaeeaa" name="diff:added-line"/>
	<style background="#ddbb55" foreground="#lightyellow" name="diff:changed-line"/>
	<style background="#aaccaa" foreground="#336633" name="diff:removed-line"/>
	<style background="#lightgrey" foreground="#brown" name="line-numbers"/>
	<style background="#yellow" foreground="#black" name="search-match"/>
	<style background="#bg" foreground="#ccaaaa" name="def:comment"/>
	<style background="#bg" foreground="#ccaaaa" name="def:comment"/>
	<style background="#bg" foreground="#bb6666" name="def:constant"/>
	<style background="#bg" foreground="#darkcyan" name="def:specials"/>
	<style background="#bg" foreground="#darkcyan" name="def:identifier"/>
	<style background="#bg" foreground="#44aa44" name="def:statement"/>
	<style background="#bg" foreground="#darkgrey" name="def:preprocessor"/>
	<style background="#bg" foreground="#bb9900" name="def:type"/>
	<style background="#bg" foreground="#0055cc" name="def:function"/>
</style-scheme>

