<?xml version="1.0" encoding="UTF-8"?>
<!--
 Copyright (C) 2009 tm2gtksw2(Alexandre da Silva)

 This file was generated from a textmate theme named barf
 with tm2gtksw2 tool. (Alexandre da Silva)

 This library is free software; you can redistribute it and/or
 modify it under the terms of the GNU Library General Public
 License as published by the Free Software Foundation; either
 version 2 of the License, or (at your option) any later version.

 This library is distributed in the hope that it will be useful,
 but WITHOUT ANY WARRANTY; without even the implied warranty of
 MERCHANTABILITY or FITNESS FOR A PARTICULAR PURPOSE.  See the GNU
 Library General Public License for more details.

 You should have received a copy of the GNU Library General Public
 License along with this library; if not, write to the
 Free Software Foundation, Inc., 59 Temple Place - Suite 330,
 Boston, MA 02111-1307, USA.
-->

<style-scheme id="barf" _name="barf" version="1.0">
  <author>tm2gtksw2(Alexandre da Silva)</author>
  <_description>GMate Theme - Generated from textmate theme with tm2gtksw2</_description>

  <style name="bracket-match"  background="#191d22" bold="true"/>
  <style name="bracket-mismatch"  background="#191d22" underline="true"/>
  <style name="css:at-rules" foreground="#697a8e" bold="true"/>
  <style name="css:color" foreground="#53667d"/>
  <style name="current-line"  background="#191d22"/>
  <style name="cursor" foreground="#c4c4c4"/>
  <style name="def:base-n-integer" foreground="#c1e1b8"/>
  <style name="def:boolean" foreground="#53667d"/>
  <style name="def:builtin" foreground="#53667d"/>
  <style name="def:character" foreground="#53667d"/>
  <style name="def:comment" foreground="#6e6e6e" italic="true"/>
  <style name="def:complex" foreground="#c1e1b8"/>
  <style name="def:decimal" foreground="#c1e1b8"/>
  <style name="def:doc-comment" foreground="#6e6e6e" italic="true"/>
  <style name="def:doc-comment-element" foreground="#6e6e6e" italic="true"/>
  <style name="def:error" foreground="#ff0000" background="#a1a3a4"/>
  <style name="def:floating-point" foreground="#c1e1b8"/>
  <style name="def:function"  background="#282e36"/>
  <style name="def:identifier" foreground="#708e67"/>
  <style name="def:keyword" foreground="#697a8e" bold="true"/>
  <style name="def:note" foreground="#6e6e6e" italic="true"/>
  <style name="def:number" foreground="#c1e1b8"/>
  <style name="def:operator" foreground="#697a8e" bold="true"/>
  <style name="def:preprocessor" foreground="#697a8e" bold="true"/>
  <style name="def:reserved" foreground="#697a8e" bold="true"/>
  <style name="def:shebang" foreground="#6e6e6e" italic="true"/>
  <style name="def:special-char" foreground="#53667d"/>
  <style name="def:special-constant" foreground="#53667d"/>
  <style name="def:statement" foreground="#697a8e" bold="true"/>
  <style name="def:string" foreground="#5c81b3"/>
  <style name="draw-spaces" foreground="#bfbfbf"/>
  <style name="html:dtd" foreground="#5c81b3"/>
  <style name="html:tag" foreground="#a3d295"/>
  <style name="js:function" foreground="#bacce1" bold="true"/>
  <style name="line-numbers" foreground="#eef2f7" background="#191d22"/>
  <style name="perl:builtin"  background="#282e36"/>
  <style name="perl:include-statement" foreground="#697a8e" bold="true"/>
  <style name="perl:special-variable" foreground="#53667d"/>
  <style name="perl:variable" foreground="#708e67"/>
  <style name="php:string" foreground="#5c81b3"/>
  <style name="python:builtin-constant" foreground="#697a8e" bold="true"/>
  <style name="python:builtin-function"  background="#282e36"/>
  <style name="python:module-handler" foreground="#697a8e" bold="true"/>
  <style name="python:special-variable" foreground="#697a8e" bold="true"/>
  <style name="ruby:attribute-definition" foreground="#697a8e" bold="true"/>
  <style name="ruby:builtin" foreground="#708e67"/>
  <style name="ruby:class-variable" foreground="#708e67"/>
  <style name="ruby:constant" foreground="#708e67"/>
  <style name="ruby:global-variable"  background="#282e36"/>
  <style name="ruby:instance-variable" foreground="#708e67"/>
  <style name="ruby:module-handler" foreground="#697a8e" bold="true"/>
  <style name="ruby:predefined-variable" foreground="#53667d"/>
  <style name="ruby:regex" foreground="#5c81b3"/>
  <style name="ruby:special-variable" foreground="#697a8e" bold="true"/>
  <style name="ruby:symbol" foreground="#53667d"/>
  <style name="rubyonrails:attribute-definition" foreground="#697a8e" bold="true"/>
  <style name="rubyonrails:builtin" foreground="#708e67"/>
  <style name="rubyonrails:class-variable" foreground="#708e67"/>
  <style name="rubyonrails:complex-interpolation" foreground="#53667d"/>
  <style name="rubyonrails:constant" foreground="#708e67"/>
  <style name="rubyonrails:global-variable"  background="#282e36"/>
  <style name="rubyonrails:instance-variable" foreground="#708e67"/>
  <style name="rubyonrails:module-handler" foreground="#697a8e" bold="true"/>
  <style name="rubyonrails:predefined-variable" foreground="#53667d"/>
  <style name="rubyonrails:rails" foreground="#708e67"/>
  <style name="rubyonrails:regex" foreground="#5c81b3"/>
  <style name="rubyonrails:simple-interpolation" foreground="#53667d"/>
  <style name="rubyonrails:special-variable" foreground="#697a8e" bold="true"/>
  <style name="rubyonrails:symbol" foreground="#53667d"/>
  <style name="search-match"  background="#191d22" bold="true" underline="true"/>
  <style name="selection" foreground="#eef2f7" background="#3e4d5c"/>
  <style name="text" foreground="#eef2f7" background="#15191e"/>
  <style name="xml:attribute-name" foreground="#708e67"/>
  <style name="xml:element-name" foreground="#a3d295"/>
  <style name="xml:namespace" foreground="#a3d295"/>
  <style name="xml:tag" foreground="#a3d295"/>
  

</style-scheme>

