<?xml version="1.0" encoding="UTF-8"?>
<!--
 Copyright (C) 2009 tm2gtksw2(Alexandre da Silva)

 This file was generated from a textmate theme named Brilliance Dull
 with tm2gtksw2 tool. (Alexandre da Silva)

 This library is free software; you can redistribute it and/or
 modify it under the terms of the GNU Library General Public
 License as published by the Free Software Foundation; either
 version 2 of the License, or (at your option) any later version.

 This library is distributed in the hope that it will be useful,
 but WITHOUT ANY WARRANTY; without even the implied warranty of
 MERCHANTABILITY or FITNESS FOR A PARTICULAR PURPOSE.  See the GNU
 Library General Public License for more details.

 You should have received a copy of the GNU Library General Public
 License along with this library; if not, write to the
 Free Software Foundation, Inc., 59 Temple Place - Suite 330,
 Boston, MA 02111-1307, USA.
-->

<style-scheme id="brilliancedull" _name="Brilliance Dull" version="1.0">
  <author>tm2gtksw2(Alexandre da Silva)</author>
  <_description>GMate Theme - Generated from textmate theme with tm2gtksw2</_description>

  <style name="bracket-match"  background="#040411" bold="true"/>
  <style name="bracket-mismatch"  background="#040411" underline="true"/>
  <style name="css:at-rules" foreground="#a459a5" background="#10041d"/>
  <style name="css:color" foreground="#57a57d"/>
  <style name="css:keyword" foreground="#ffffff" background="#000000"/>
  <style name="current-line"  background="#040411"/>
  <style name="cursor" foreground="#7979b7"/>
  <style name="def:base-n-integer" foreground="#95a658"/>
  <style name="def:boolean" foreground="#59a559"/>
  <style name="def:builtin" foreground="#59a559"/>
  <style name="def:character" foreground="#80a659"/>
  <style name="def:comment" foreground="#333333"/>
  <style name="def:complex" foreground="#95a658"/>
  <style name="def:decimal" foreground="#95a658"/>
  <style name="def:doc-comment" foreground="#333333"/>
  <style name="def:doc-comment-element" foreground="#333333"/>
  <style name="def:error" foreground="#211211" background="#a7595a" bold="true"/>
  <style name="def:floating-point" foreground="#95a658"/>
  <style name="def:function" foreground="#a75980"/>
  <style name="def:identifier" foreground="#5e6b6b"/>
  <style name="def:keyword" foreground="#a459a5" background="#10041d"/>
  <style name="def:note" foreground="#333333"/>
  <style name="def:number" foreground="#95a658"/>
  <style name="def:operator" foreground="#7979b7" bold="true"/>
  <style name="def:preprocessor" foreground="#56a5a4"/>
  <style name="def:reserved" foreground="#a459a5"/>
  <style name="def:shebang" foreground="#333333"/>
  <style name="def:special-char" foreground="#56a5a4"/>
  <style name="def:special-constant" foreground="#59a559"/>
  <style name="def:statement" foreground="#a459a5"/>
  <style name="def:string" foreground="#a6a458" background="#111d04"/>
  <style name="def:type" foreground="#a7595a" background="#1d0404"/>
  <style name="diff:added-line" foreground="#81bb9e" background="#15281f"/>
  <style name="diff:changed-line" foreground="#c3c38f" background="#533f2c"/>
  <style name="diff:removed-line" foreground="#bc839f" background="#400021"/>
  <style name="draw-spaces" foreground="#191919"/>
  <style name="html:tag" foreground="#505050"/>
  <style name="line-numbers" foreground="#cdcdcd" background="#040411"/>
  <style name="perl:builtin" foreground="#a75980"/>
  <style name="perl:include-statement" foreground="#a459a5"/>
  <style name="perl:special-variable" foreground="#56a5a4"/>
  <style name="perl:variable" foreground="#5e6b6b"/>
  <style name="python:builtin-constant" foreground="#a459a5"/>
  <style name="python:builtin-function" foreground="#a75980"/>
  <style name="python:module-handler" foreground="#a459a5"/>
  <style name="python:special-variable" foreground="#a459a5"/>
  <style name="ruby:attribute-definition" foreground="#56a5a4"/>
  <style name="ruby:builtin" foreground="#56a5a4"/>
  <style name="ruby:class-variable" foreground="#5e6b6b"/>
  <style name="ruby:constant" foreground="#56a5a4"/>
  <style name="ruby:global-variable" foreground="#a75980"/>
  <style name="ruby:instance-variable" foreground="#5e6b6b"/>
  <style name="ruby:module-handler" foreground="#a459a5"/>
  <style name="ruby:predefined-variable" foreground="#59a559"/>
  <style name="ruby:regex" foreground="#a6a458" background="#111d04"/>
  <style name="ruby:special-variable" foreground="#a459a5"/>
  <style name="ruby:symbol" foreground="#57a57d"/>
  <style name="rubyonrails:attribute-definition" foreground="#56a5a4"/>
  <style name="rubyonrails:builtin" foreground="#56a5a4"/>
  <style name="rubyonrails:class-inherit" foreground="#a75980" background="#1d0404"/>
  <style name="rubyonrails:class-name" foreground="#a7595a" background="#1d0404"/>
  <style name="rubyonrails:class-variable" foreground="#5e6b6b"/>
  <style name="rubyonrails:complex-interpolation" foreground="#d2d1ab" background="#1a1a1a"/>
  <style name="rubyonrails:constant" foreground="#56a5a4"/>
  <style name="rubyonrails:global-variable" foreground="#a75980"/>
  <style name="rubyonrails:instance-variable" foreground="#5e6b6b"/>
  <style name="rubyonrails:module-handler" foreground="#a459a5"/>
  <style name="rubyonrails:module-name" foreground="#a75980" background="#1d0404"/>
  <style name="rubyonrails:predefined-variable" foreground="#59a559"/>
  <style name="rubyonrails:rails" foreground="#56a5a4"/>
  <style name="rubyonrails:regex" foreground="#a6a458" background="#111d04"/>
  <style name="rubyonrails:simple-interpolation" foreground="#d2d1ab" background="#1a1a1a"/>
  <style name="rubyonrails:special-variable" foreground="#a459a5"/>
  <style name="rubyonrails:symbol" foreground="#57a57d"/>
  <style name="search-match"  background="#040411" bold="true" underline="true"/>
  <style name="selection" foreground="#cdcdcd" background="#111148"/>
  <style name="text" foreground="#cdcdcd" background="#050505"/>
  <style name="xml:attribute-name" foreground="#373737"/>
  <style name="xml:doctype" foreground="#cdcdcd" background="#333333"/>
  <style name="xml:element-name" foreground="#505050"/>
  <style name="xml:namespace" foreground="#505050"/>
  <style name="xml:tag" foreground="#505050"/>
  

</style-scheme>

