<?xml version="1.0" encoding="UTF-8"?>
<!--
 Copyright (C) 2009 tm2gtksw2(Alexandre da Silva)

 This file was generated from a textmate theme named Choco
 with tm2gtksw2 tool. (Alexandre da Silva)

 This library is free software; you can redistribute it and/or
 modify it under the terms of the GNU Library General Public
 License as published by the Free Software Foundation; either
 version 2 of the License, or (at your option) any later version.

 This library is distributed in the hope that it will be useful,
 but WITHOUT ANY WARRANTY; without even the implied warranty of
 MERCHANTABILITY or FITNESS FOR A PARTICULAR PURPOSE.  See the GNU
 Library General Public License for more details.

 You should have received a copy of the GNU Library General Public
 License along with this library; if not, write to the
 Free Software Foundation, Inc., 59 Temple Place - Suite 330,
 Boston, MA 02111-1307, USA.
-->

<style-scheme id="choco" _name="Choco" version="1.0">
  <author>tm2gtksw2(Alexandre da Silva)</author>
  <_description>GMate Theme - Generated from textmate theme with tm2gtksw2</_description>

  <style name="bracket-match"  background="#211612" bold="true"/>
  <style name="bracket-mismatch"  background="#211612" underline="true"/>
  <style name="c:preprocessor" foreground="#8996a8"/>
  <style name="css:at-rules" foreground="#b3935c"/>
  <style name="css:color" foreground="#da5659"/>
  <style name="css:keyword" foreground="#af977b"/>
  <style name="current-line"  background="#211612"/>
  <style name="cursor" foreground="#a7a7a7"/>
  <style name="def:base-n-integer" foreground="#da5659"/>
  <style name="def:boolean" foreground="#da5659"/>
  <style name="def:builtin" foreground="#a8799c"/>
  <style name="def:character" foreground="#7ca563"/>
  <style name="def:comment" foreground="#679d47" background="#172013" italic="true"/>
  <style name="def:complex" foreground="#da5659"/>
  <style name="def:constant" foreground="#da5659"/>
  <style name="def:decimal" foreground="#da5659"/>
  <style name="def:doc-comment" foreground="#679d47" background="#172013" italic="true"/>
  <style name="def:doc-comment-element" foreground="#679d47" background="#172013" italic="true"/>
  <style name="def:error" foreground="#f8f8f8" background="#462543"/>
  <style name="def:floating-point" foreground="#da5659"/>
  <style name="def:function" foreground="#6d4c2f"/>
  <style name="def:identifier" foreground="#7989a6"/>
  <style name="def:keyword" foreground="#b3935c"/>
  <style name="def:note" foreground="#679d47" background="#172013" italic="true"/>
  <style name="def:number" foreground="#da5659"/>
  <style name="def:operator" foreground="#b3935c"/>
  <style name="def:preprocessor" foreground="#d77261"/>
  <style name="def:reserved" foreground="#b3935c"/>
  <style name="def:shebang" foreground="#679d47" background="#172013" italic="true"/>
  <style name="def:special-char" foreground="#ddf2a4"/>
  <style name="def:special-constant" foreground="#da5659"/>
  <style name="def:statement" foreground="#b3935c"/>
  <style name="def:string" foreground="#7ca563"/>
  <style name="def:type" foreground="#a8799c"/>
  <style name="diff:added-line" foreground="#f8f8f8" background="#253b22"/>
  <style name="diff:changed-line" foreground="#f8f8f8" background="#4a410d"/>
  <style name="diff:location" foreground="#f8f8f8" background="#0e2231" italic="true"/>
  <style name="diff:removed-line" foreground="#f8f8f8" background="#420e09"/>
  <style name="draw-spaces" foreground="#534b48"/>
  <style name="html:dtd" foreground="#7ca563"/>
  <style name="html:tag" foreground="#9f785b"/>
  <style name="js:function" foreground="#c29863"/>
  <style name="line-numbers" foreground="#c3be98" background="#211612"/>
  <style name="perl:builtin" foreground="#6d4c2f"/>
  <style name="perl:include-statement" foreground="#b3935c"/>
  <style name="perl:line-directive" foreground="#da5659"/>
  <style name="perl:special-variable" foreground="#b3935c"/>
  <style name="perl:type" foreground="#da5659"/>
  <style name="perl:variable" foreground="#7989a6"/>
  <style name="php:string" foreground="#7ca563"/>
  <style name="python:builtin-constant" foreground="#b3935c"/>
  <style name="python:builtin-function" foreground="#da5659"/>
  <style name="python:builtin-object" foreground="#da5659"/>
  <style name="python:module-handler" foreground="#b3935c"/>
  <style name="python:special-variable" foreground="#b3935c"/>
  <style name="ruby:attribute-definition" foreground="#b3935c"/>
  <style name="ruby:builtin" foreground="#7989a6"/>
  <style name="ruby:class-variable" foreground="#7989a6"/>
  <style name="ruby:constant" foreground="#da5659"/>
  <style name="ruby:global-variable" foreground="#6d4c2f"/>
  <style name="ruby:instance-variable" foreground="#7989a6"/>
  <style name="ruby:module-handler" foreground="#b3935c"/>
  <style name="ruby:predefined-variable" foreground="#da5659"/>
  <style name="ruby:regex" foreground="#e9c062"/>
  <style name="ruby:special-variable" foreground="#b3935c"/>
  <style name="ruby:symbol" foreground="#da5659"/>
  <style name="rubyonrails:attribute-definition" foreground="#b3935c"/>
  <style name="rubyonrails:block-parameter" foreground="#7989a6"/>
  <style name="rubyonrails:builtin" foreground="#a8799c"/>
  <style name="rubyonrails:class-inherit" foreground="#9b5c2e" italic="true"/>
  <style name="rubyonrails:class-name" foreground="#6d4c2f"/>
  <style name="rubyonrails:class-variable" foreground="#7989a6"/>
  <style name="rubyonrails:complex-interpolation" foreground="#daefa3"/>
  <style name="rubyonrails:constant" foreground="#da5659"/>
  <style name="rubyonrails:global-variable" foreground="#6d4c2f"/>
  <style name="rubyonrails:instance-variable" foreground="#7989a6"/>
  <style name="rubyonrails:module-handler" foreground="#b3935c"/>
  <style name="rubyonrails:module-name" foreground="#6d4c2f"/>
  <style name="rubyonrails:predefined-variable" foreground="#da5659"/>
  <style name="rubyonrails:rails" foreground="#7989a6"/>
  <style name="rubyonrails:regex" foreground="#e9c062"/>
  <style name="rubyonrails:simple-interpolation" foreground="#daefa3"/>
  <style name="rubyonrails:special-variable" foreground="#b3935c"/>
  <style name="rubyonrails:symbol" foreground="#da5659"/>
  <style name="search-match"  background="#211612" bold="true" underline="true"/>
  <style name="selection" foreground="#c3be98" background="#646467"/>
  <style name="text" foreground="#c3be98" background="#1a0f0b"/>
  <style name="xml:attribute-name" foreground="#6d4c2f"/>
  <style name="xml:doctype" foreground="#494949"/>
  <style name="xml:element-name" foreground="#6d4c2f"/>
  <style name="xml:namespace" foreground="#6d4c2f"/>
  <style name="xml:tag" foreground="#9f785b"/>
  

</style-scheme>

