<?xml version="1.0" encoding="UTF-8"?>
<!--
 Copyright (C) 2009 tm2gtksw2(Alexandre da Silva)

 This file was generated from a textmate theme named IR_White
 with tm2gtksw2 tool. (Alexandre da Silva)

 This library is free software; you can redistribute it and/or
 modify it under the terms of the GNU Library General Public
 License as published by the Free Software Foundation; either
 version 2 of the License, or (at your option) any later version.

 This library is distributed in the hope that it will be useful,
 but WITHOUT ANY WARRANTY; without even the implied warranty of
 MERCHANTABILITY or FITNESS FOR A PARTICULAR PURPOSE.  See the GNU
 Library General Public License for more details.

 You should have received a copy of the GNU Library General Public
 License along with this library; if not, write to the
 Free Software Foundation, Inc., 59 Temple Place - Suite 330,
 Boston, MA 02111-1307, USA.
-->

<style-scheme id="irwhite" _name="IR_White" version="1.0">
  <author>tm2gtksw2(Alexandre da Silva)</author>
  <_description>GMate Theme - Generated from textmate theme with tm2gtksw2</_description>

  <style name="bracket-match"  background="#ffffff" bold="true"/>
  <style name="bracket-mismatch"  background="#ffffff" underline="true"/>
  <style name="c:preprocessor" foreground="#765757"/>
  <style name="css:at-rules" foreground="#016692"/>
  <style name="css:color" foreground="#333366"/>
  <style name="css:keyword" foreground="#000000"/>
  <style name="current-line"  background="#ffffff"/>
  <style name="cursor" foreground="#a7a7a7"/>
  <style name="def:base-n-integer" foreground="#8c008a"/>
  <style name="def:boolean" foreground="#333366"/>
  <style name="def:builtin" foreground="#646409"/>
  <style name="def:character" foreground="#009f78"/>
  <style name="def:comment" foreground="#898989"/>
  <style name="def:complex" foreground="#8c008a"/>
  <style name="def:constant" foreground="#333366"/>
  <style name="def:decimal" foreground="#8c008a"/>
  <style name="def:doc-comment" foreground="#898989"/>
  <style name="def:doc-comment-element" foreground="#898989"/>
  <style name="def:error" foreground="#a00294" background="#e78de2"/>
  <style name="def:floating-point" foreground="#8c008a"/>
  <style name="def:function" foreground="#a15001"/>
  <style name="def:identifier" foreground="#696989"/>
  <style name="def:keyword" foreground="#016692"/>
  <style name="def:note" foreground="#898989"/>
  <style name="def:number" foreground="#8c008a"/>
  <style name="def:operator" foreground="#016692"/>
  <style name="def:preprocessor" foreground="#582b00"/>
  <style name="def:reserved" foreground="#016692"/>
  <style name="def:shebang" foreground="#898989"/>
  <style name="def:special-char" foreground="#00ff00"/>
  <style name="def:special-constant" foreground="#333366"/>
  <style name="def:statement" foreground="#016692"/>
  <style name="def:string" foreground="#009f78"/>
  <style name="def:type" foreground="#646409"/>
  <style name="diff:added-line" foreground="#ffffff" background="#253b22"/>
  <style name="diff:changed-line" foreground="#ffffff" background="#4a410d"/>
  <style name="diff:location" foreground="#ffffff" background="#0e2231" italic="true"/>
  <style name="diff:removed-line" foreground="#ffffff" background="#420e09"/>
  <style name="draw-spaces" foreground="#f2f8fe"/>
  <style name="html:dtd" foreground="#009f78"/>
  <style name="html:tag" foreground="#a15001"/>
  <style name="js:function" foreground="#7a7025"/>
  <style name="line-numbers" foreground="#010101" background="#ffffff"/>
  <style name="perl:builtin" foreground="#a15001"/>
  <style name="perl:include-statement" foreground="#016692"/>
  <style name="perl:line-directive" foreground="#333366"/>
  <style name="perl:special-variable" foreground="#016692"/>
  <style name="perl:type" foreground="#333366"/>
  <style name="perl:variable" foreground="#696989"/>
  <style name="php:string" foreground="#009f78"/>
  <style name="python:builtin-constant" foreground="#016692"/>
  <style name="python:builtin-function" foreground="#333366"/>
  <style name="python:builtin-object" foreground="#333366"/>
  <style name="python:module-handler" foreground="#016692"/>
  <style name="python:special-variable" foreground="#016692"/>
  <style name="ruby:attribute-definition" foreground="#016692"/>
  <style name="ruby:builtin" foreground="#696989"/>
  <style name="ruby:class-variable" foreground="#696989"/>
  <style name="ruby:constant" foreground="#333366"/>
  <style name="ruby:global-variable" foreground="#a15001"/>
  <style name="ruby:instance-variable" foreground="#696989"/>
  <style name="ruby:module-handler" foreground="#016692"/>
  <style name="ruby:predefined-variable" foreground="#333366"/>
  <style name="ruby:regex" foreground="#9d7416"/>
  <style name="ruby:special-variable" foreground="#016692"/>
  <style name="ruby:symbol" foreground="#333366"/>
  <style name="rubyonrails:attribute-definition" foreground="#016692"/>
  <style name="rubyonrails:block-parameter" foreground="#696989"/>
  <style name="rubyonrails:builtin" foreground="#646409"/>
  <style name="rubyonrails:class-inherit" foreground="#d19264" italic="true"/>
  <style name="rubyonrails:class-name" foreground="#646409" underline="true"/>
  <style name="rubyonrails:class-variable" foreground="#696989"/>
  <style name="rubyonrails:complex-interpolation" foreground="#000000"/>
  <style name="rubyonrails:constant" foreground="#333366"/>
  <style name="rubyonrails:global-variable" foreground="#a15001"/>
  <style name="rubyonrails:instance-variable" foreground="#696989"/>
  <style name="rubyonrails:module-handler" foreground="#016692"/>
  <style name="rubyonrails:module-name" foreground="#646409" underline="true"/>
  <style name="rubyonrails:predefined-variable" foreground="#333366"/>
  <style name="rubyonrails:rails" foreground="#696989"/>
  <style name="rubyonrails:regex" foreground="#9d7416"/>
  <style name="rubyonrails:simple-interpolation" foreground="#000000"/>
  <style name="rubyonrails:special-variable" foreground="#016692"/>
  <style name="rubyonrails:symbol" foreground="#333366"/>
  <style name="search-match"  background="#ffffff" bold="true" underline="true"/>
  <style name="selection" foreground="#010101" background="#e0e0ed"/>
  <style name="text" foreground="#010101" background="#ffffff"/>
  <style name="xml:attribute-name" foreground="#bc4d00"/>
  <style name="xml:doctype" foreground="#0067c2"/>
  <style name="xml:element-name" foreground="#a15001"/>
  <style name="xml:namespace" foreground="#9b431e"/>
  <style name="xml:tag" foreground="#a15001"/>
  

</style-scheme>

