<?xml version="1.0" encoding="UTF-8"?>
<!--
 Copyright (C) 2009 tm2gtksw2(Alexandre da Silva)

 This file was generated from a textmate theme named Lowlight
 with tm2gtksw2 tool. (Alexandre da Silva)

 This library is free software; you can redistribute it and/or
 modify it under the terms of the GNU Library General Public
 License as published by the Free Software Foundation; either
 version 2 of the License, or (at your option) any later version.

 This library is distributed in the hope that it will be useful,
 but WITHOUT ANY WARRANTY; without even the implied warranty of
 MERCHANTABILITY or FITNESS FOR A PARTICULAR PURPOSE.  See the GNU
 Library General Public License for more details.

 You should have received a copy of the GNU Library General Public
 License along with this library; if not, write to the
 Free Software Foundation, Inc., 59 Temple Place - Suite 330,
 Boston, MA 02111-1307, USA.
-->

<style-scheme id="lowlight" _name="Lowlight" version="1.0">
  <author>tm2gtksw2(Alexandre da Silva)</author>
  <_description>GMate Theme - Generated from textmate theme with tm2gtksw2</_description>

  <style name="bracket-match"  background="#1b1b1b" bold="true"/>
  <style name="bracket-mismatch"  background="#1b1b1b" underline="true"/>
  <style name="c:preprocessor" foreground="#8996a8"/>
  <style name="css:at-rules" foreground="#8f8d17"/>
  <style name="css:color" foreground="#e66c29"/>
  <style name="css:keyword" foreground="#517192"/>
  <style name="current-line"  background="#1b1b1b"/>
  <style name="cursor" foreground="#595959"/>
  <style name="def:base-n-integer" foreground="#e66c29"/>
  <style name="def:boolean" foreground="#e66c29"/>
  <style name="def:builtin" foreground="#2f8996"/>
  <style name="def:character" foreground="#a57c5c"/>
  <style name="def:comment" foreground="#3c5636" background="#1c1f1b" italic="true"/>
  <style name="def:complex" foreground="#e66c29"/>
  <style name="def:constant" foreground="#e66c29"/>
  <style name="def:decimal" foreground="#e66c29"/>
  <style name="def:doc-comment" foreground="#3c5636" background="#1c1f1b" italic="true"/>
  <style name="def:doc-comment-element" foreground="#3c5636" background="#1c1f1b" italic="true"/>
  <style name="def:error" foreground="#a2a2a2" background="#351d18" underline="true"/>
  <style name="def:floating-point" foreground="#e66c29"/>
  <style name="def:function" foreground="#2eb43b"/>
  <style name="def:identifier" foreground="#77acb0" bold="true"/>
  <style name="def:keyword" foreground="#8f8d17"/>
  <style name="def:note" foreground="#3c5636" background="#1c1f1b" italic="true"/>
  <style name="def:number" foreground="#e66c29"/>
  <style name="def:operator" foreground="#7aff79" bold="true"/>
  <style name="def:preprocessor" foreground="#959630"/>
  <style name="def:reserved" foreground="#8f8d17"/>
  <style name="def:shebang" foreground="#3c5636" background="#1c1f1b" italic="true"/>
  <style name="def:special-char" foreground="#a5974e"/>
  <style name="def:special-constant" foreground="#e66c29"/>
  <style name="def:statement" foreground="#8f8d17"/>
  <style name="def:string" foreground="#a57c5c"/>
  <style name="def:type" foreground="#2f8996"/>
  <style name="diff:added-line" foreground="#f8f8f8" background="#121d0c" bold="true"/>
  <style name="diff:changed-line" foreground="#f8f8f8" background="#2b2309" bold="true"/>
  <style name="diff:location" foreground="#5aa2a0"/>
  <style name="diff:removed-line" foreground="#f8f8f8" background="#2a0205" italic="true"/>
  <style name="draw-spaces" foreground="#3a3a21"/>
  <style name="html:dtd" foreground="#a57c5c"/>
  <style name="html:tag" foreground="#495573"/>
  <style name="js:function" foreground="#edd34d"/>
  <style name="line-numbers" foreground="#cacaca" background="#1b1b1b"/>
  <style name="perl:builtin" foreground="#2eb43b"/>
  <style name="perl:include-statement" foreground="#8f8d17"/>
  <style name="perl:line-directive" foreground="#e66c29"/>
  <style name="perl:special-variable" foreground="#8f8d17"/>
  <style name="perl:type" foreground="#e66c29"/>
  <style name="perl:variable" foreground="#77acb0" bold="true"/>
  <style name="php:string" foreground="#a57c5c"/>
  <style name="python:builtin-constant" foreground="#8f8d17"/>
  <style name="python:builtin-function" foreground="#e66c29"/>
  <style name="python:builtin-object" foreground="#e66c29"/>
  <style name="python:module-handler" foreground="#8f8d17"/>
  <style name="python:special-variable" foreground="#8f8d17"/>
  <style name="ruby:attribute-definition" foreground="#8f8d17"/>
  <style name="ruby:builtin" foreground="#77acb0" bold="true"/>
  <style name="ruby:class-variable" foreground="#77acb0" bold="true"/>
  <style name="ruby:constant" foreground="#e66c29"/>
  <style name="ruby:global-variable" foreground="#2eb43b"/>
  <style name="ruby:instance-variable" foreground="#77acb0" bold="true"/>
  <style name="ruby:module-handler" foreground="#8f8d17"/>
  <style name="ruby:predefined-variable" foreground="#e66c29"/>
  <style name="ruby:regex" foreground="#e3965e"/>
  <style name="ruby:special-variable" foreground="#8f8d17"/>
  <style name="ruby:symbol" foreground="#e66c29"/>
  <style name="rubyonrails:attribute-definition" foreground="#8f8d17"/>
  <style name="rubyonrails:block-parameter" foreground="#77acb0" bold="true"/>
  <style name="rubyonrails:builtin" foreground="#2f8996"/>
  <style name="rubyonrails:class-inherit" foreground="#9b5c2e" bold="true" italic="true"/>
  <style name="rubyonrails:class-name" foreground="#2eb43b"/>
  <style name="rubyonrails:class-variable" foreground="#77acb0" bold="true"/>
  <style name="rubyonrails:complex-interpolation" foreground="#f5e76b"/>
  <style name="rubyonrails:constant" foreground="#e66c29"/>
  <style name="rubyonrails:global-variable" foreground="#2eb43b"/>
  <style name="rubyonrails:instance-variable" foreground="#77acb0" bold="true"/>
  <style name="rubyonrails:module-handler" foreground="#8f8d17"/>
  <style name="rubyonrails:module-name" foreground="#2eb43b"/>
  <style name="rubyonrails:predefined-variable" foreground="#e66c29"/>
  <style name="rubyonrails:rails" foreground="#77acb0" bold="true"/>
  <style name="rubyonrails:regex" foreground="#e3965e"/>
  <style name="rubyonrails:simple-interpolation" foreground="#f5e76b"/>
  <style name="rubyonrails:special-variable" foreground="#8f8d17"/>
  <style name="rubyonrails:symbol" foreground="#e66c29"/>
  <style name="search-match"  background="#1b1b1b" bold="true" underline="true"/>
  <style name="selection" foreground="#cacaca" background="#292b32"/>
  <style name="text" foreground="#cacaca" background="#1e1e1e"/>
  <style name="xml:attribute-name" foreground="#b06520"/>
  <style name="xml:doctype" foreground="#494949"/>
  <style name="xml:element-name" foreground="#baa827"/>
  <style name="xml:namespace" foreground="#baa827"/>
  <style name="xml:tag" foreground="#495573"/>
  

</style-scheme>

