<?xml version="1.0" encoding="UTF-8"?>
<!--
 Copyright (C) 2009 tm2gtksw2(Alexandre da Silva)

 This file was generated from a textmate theme named minimal Theme
 with tm2gtksw2 tool. (Alexandre da Silva)

 This library is free software; you can redistribute it and/or
 modify it under the terms of the GNU Library General Public
 License as published by the Free Software Foundation; either
 version 2 of the License, or (at your option) any later version.

 This library is distributed in the hope that it will be useful,
 but WITHOUT ANY WARRANTY; without even the implied warranty of
 MERCHANTABILITY or FITNESS FOR A PARTICULAR PURPOSE.  See the GNU
 Library General Public License for more details.

 You should have received a copy of the GNU Library General Public
 License along with this library; if not, write to the
 Free Software Foundation, Inc., 59 Temple Place - Suite 330,
 Boston, MA 02111-1307, USA.
-->

<style-scheme id="minimaltheme" _name="minimal Theme" version="1.0">
  <author>tm2gtksw2(Alexandre da Silva)</author>
  <_description>GMate Theme - Generated from textmate theme with tm2gtksw2</_description>

  <style name="bracket-match"  background="#232826" bold="true"/>
  <style name="bracket-mismatch"  background="#232826" underline="true"/>
  <style name="c:preprocessor" foreground="#8996a8"/>
  <style name="css:at-rules" foreground="#949c8b"/>
  <style name="css:color" foreground="#ab631b"/>
  <style name="css:keyword" foreground="#e0ddad"/>
  <style name="current-line"  background="#232826"/>
  <style name="cursor" foreground="#ff9900"/>
  <style name="def:base-n-integer" foreground="#ab631b"/>
  <style name="def:boolean" foreground="#ab631b"/>
  <style name="def:builtin" foreground="#9fc28a"/>
  <style name="def:character" foreground="#ab631b"/>
  <style name="def:comment" foreground="#706d5b" italic="true"/>
  <style name="def:complex" foreground="#ab631b"/>
  <style name="def:constant" foreground="#ab631b"/>
  <style name="def:decimal" foreground="#ab631b"/>
  <style name="def:doc-comment" foreground="#706d5b" italic="true"/>
  <style name="def:doc-comment-element" foreground="#706d5b" italic="true"/>
  <style name="def:error" foreground="#f8f8f8" background="#800f00"/>
  <style name="def:floating-point" foreground="#ab631b"/>
  <style name="def:function" foreground="#85730b"/>
  <style name="def:identifier" foreground="#d1a796"/>
  <style name="def:keyword" foreground="#949c8b"/>
  <style name="def:note" foreground="#706d5b" italic="true"/>
  <style name="def:number" foreground="#ab631b"/>
  <style name="def:operator" foreground="#949c8b"/>
  <style name="def:preprocessor" foreground="#c27e66"/>
  <style name="def:reserved" foreground="#949c8b"/>
  <style name="def:shebang" foreground="#706d5b" italic="true"/>
  <style name="def:special-char" foreground="#53ab4e"/>
  <style name="def:special-constant" foreground="#ab631b"/>
  <style name="def:statement" foreground="#949c8b"/>
  <style name="def:string" foreground="#9b817d"/>
  <style name="def:type" foreground="#9fc28a"/>
  <style name="diff:added-line" foreground="#f8f8f8" background="#228000"/>
  <style name="diff:changed-line" foreground="#f8f8f8" background="#806f00"/>
  <style name="diff:location" foreground="#f8f8f8" background="#000e1a"/>
  <style name="diff:removed-line" foreground="#f8f8f8" background="#800f00"/>
  <style name="draw-spaces" foreground="#72573d"/>
  <style name="html:tag" foreground="#85730b"/>
  <style name="js:function" foreground="#85873a"/>
  <style name="line-numbers" foreground="#fcffe0" background="#232826"/>
  <style name="perl:builtin" foreground="#85730b"/>
  <style name="perl:include-statement" foreground="#949c8b"/>
  <style name="perl:line-directive" foreground="#ab631b"/>
  <style name="perl:special-variable" foreground="#949c8b"/>
  <style name="perl:type" foreground="#ab631b"/>
  <style name="perl:variable" foreground="#d1a796"/>
  <style name="python:builtin-constant" foreground="#949c8b"/>
  <style name="python:builtin-function" foreground="#ab631b"/>
  <style name="python:builtin-object" foreground="#ab631b"/>
  <style name="python:module-handler" foreground="#949c8b"/>
  <style name="python:special-variable" foreground="#949c8b"/>
  <style name="ruby:attribute-definition" foreground="#949c8b"/>
  <style name="ruby:builtin" foreground="#d1a796"/>
  <style name="ruby:class-variable" foreground="#d1a796"/>
  <style name="ruby:constant" foreground="#ab631b"/>
  <style name="ruby:global-variable" foreground="#85730b"/>
  <style name="ruby:instance-variable" foreground="#d1a796"/>
  <style name="ruby:module-handler" foreground="#949c8b"/>
  <style name="ruby:predefined-variable" foreground="#ab631b"/>
  <style name="ruby:regex" foreground="#62b58a"/>
  <style name="ruby:special-variable" foreground="#949c8b"/>
  <style name="ruby:symbol" foreground="#ab631b"/>
  <style name="rubyonrails:attribute-definition" foreground="#949c8b"/>
  <style name="rubyonrails:block-parameter" foreground="#d1a796"/>
  <style name="rubyonrails:builtin" foreground="#9fc28a"/>
  <style name="rubyonrails:class-inherit" foreground="#7efcff"/>
  <style name="rubyonrails:class-name" foreground="#85730b"/>
  <style name="rubyonrails:class-variable" foreground="#d1a796"/>
  <style name="rubyonrails:complex-interpolation" foreground="#ab631b"/>
  <style name="rubyonrails:constant" foreground="#ab631b"/>
  <style name="rubyonrails:global-variable" foreground="#85730b"/>
  <style name="rubyonrails:instance-variable" foreground="#d1a796"/>
  <style name="rubyonrails:module-handler" foreground="#949c8b"/>
  <style name="rubyonrails:module-name" foreground="#85730b"/>
  <style name="rubyonrails:predefined-variable" foreground="#ab631b"/>
  <style name="rubyonrails:rails" foreground="#d1a796"/>
  <style name="rubyonrails:regex" foreground="#62b58a"/>
  <style name="rubyonrails:simple-interpolation" foreground="#ab631b"/>
  <style name="rubyonrails:special-variable" foreground="#949c8b"/>
  <style name="rubyonrails:symbol" foreground="#ab631b"/>
  <style name="search-match"  background="#232826" bold="true" underline="true"/>
  <style name="selection" foreground="#fcffe0" background="#180024"/>
  <style name="text" foreground="#fcffe0" background="#302d26"/>
  <style name="xml:attribute-name" foreground="#ba6912"/>
  <style name="xml:doctype" foreground="#babd9c"/>
  <style name="xml:element-name" foreground="#85730b"/>
  <style name="xml:namespace" foreground="#85730b"/>
  <style name="xml:tag" foreground="#85730b"/>
  

</style-scheme>

