<?xml version="1.0" encoding="UTF-8"?>
<!--
 Copyright (C) 2009 tm2gtksw2(Alexandre da Silva)

 This file was generated from a textmate theme named Pastels on Dark
 with tm2gtksw2 tool. (Alexandre da Silva)

 This library is free software; you can redistribute it and/or
 modify it under the terms of the GNU Library General Public
 License as published by the Free Software Foundation; either
 version 2 of the License, or (at your option) any later version.

 This library is distributed in the hope that it will be useful,
 but WITHOUT ANY WARRANTY; without even the implied warranty of
 MERCHANTABILITY or FITNESS FOR A PARTICULAR PURPOSE.  See the GNU
 Library General Public License for more details.

 You should have received a copy of the GNU Library General Public
 License along with this library; if not, write to the
 Free Software Foundation, Inc., 59 Temple Place - Suite 330,
 Boston, MA 02111-1307, USA.
-->

<style-scheme id="pastelsondark" _name="Pastels on Dark" version="1.0">
  <author>tm2gtksw2(Alexandre da Silva)</author>
  <_description>GMate Theme - Generated from textmate theme with tm2gtksw2</_description>

  <style name="bracket-match"  background="#353030" bold="true"/>
  <style name="bracket-mismatch"  background="#353030" underline="true"/>
  <style name="c:preprocessor" foreground="#2f006e"/>
  <style name="css:at-rules" foreground="#6969fa" bold="true"/>
  <style name="css:color" foreground="#666633"/>
  <style name="css:keyword" foreground="#e1c96b"/>
  <style name="current-line"  background="#353030"/>
  <style name="cursor" foreground="#ffffff"/>
  <style name="def:base-n-integer" foreground="#cccccc"/>
  <style name="def:boolean" foreground="#de8e30" bold="true"/>
  <style name="def:builtin" foreground="#de8e30" bold="true"/>
  <style name="def:character" foreground="#afa472"/>
  <style name="def:comment" foreground="#555555"/>
  <style name="def:complex" foreground="#cccccc"/>
  <style name="def:constant" foreground="#6782d3"/>
  <style name="def:decimal" foreground="#cccccc"/>
  <style name="def:doc-comment" foreground="#555555"/>
  <style name="def:doc-comment-element" foreground="#555555"/>
  <style name="def:error" foreground="#fff9f9" background="#ff0000" bold="true"/>
  <style name="def:floating-point" foreground="#cccccc"/>
  <style name="def:identifier" foreground="#c1c144"/>
  <style name="def:keyword" foreground="#6969fa" bold="true"/>
  <style name="def:note" foreground="#555555"/>
  <style name="def:number" foreground="#cccccc"/>
  <style name="def:operator" foreground="#47b8d6"/>
  <style name="def:preprocessor"  bold="true"/>
  <style name="def:reserved" foreground="#a1a1ff"/>
  <style name="def:shebang" foreground="#555555"/>
  <style name="def:special-char" foreground="#afa472"/>
  <style name="def:special-constant" foreground="#de8e30" bold="true"/>
  <style name="def:statement" foreground="#a1a1ff"/>
  <style name="def:string" foreground="#ad9361"/>
  <style name="diff:added-line" foreground="#f8f8f8" background="#369828"/>
  <style name="diff:changed-line" foreground="#f8f8f8" background="#DBC338"/>
  <style name="diff:location" foreground="#f8f8f8" background="#135E97" italic="true"/>
  <style name="diff:removed-line" foreground="#f8f8f8" background="#D5392A"/>
  <style name="draw-spaces" foreground="#4f4d4d"/>
  <style name="html:dtd"  italic="true"/>
  <style name="js:function" foreground="#a1a1ff"/>
  <style name="line-numbers" foreground="#dadada" background="#353030"/>
  <style name="perl:include-statement"  bold="true"/>
  <style name="perl:line-directive" foreground="#6782d3"/>
  <style name="perl:special-variable" foreground="#de8e30" bold="true"/>
  <style name="perl:type" foreground="#6782d3"/>
  <style name="perl:variable" foreground="#c1c144"/>
  <style name="php:string" foreground="#bfa36d"/>
  <style name="python:builtin-constant" foreground="#a1a1ff"/>
  <style name="python:builtin-function" foreground="#6782d3"/>
  <style name="python:builtin-object" foreground="#6782d3"/>
  <style name="python:module-handler" foreground="#a1a1ff"/>
  <style name="python:special-variable" foreground="#a1a1ff"/>
  <style name="ruby:attribute-definition" foreground="#a1a1ff"/>
  <style name="ruby:builtin" foreground="#c1c144"/>
  <style name="ruby:class-variable" foreground="#c1c144"/>
  <style name="ruby:constant" foreground="#6782d3"/>
  <style name="ruby:instance-variable" foreground="#c1c144"/>
  <style name="ruby:module-handler" foreground="#a1a1ff"/>
  <style name="ruby:predefined-variable" foreground="#de8e30" bold="true"/>
  <style name="ruby:regex" foreground="#666666"/>
  <style name="ruby:special-variable" foreground="#a1a1ff"/>
  <style name="ruby:symbol" foreground="#6782d3"/>
  <style name="rubyonrails:attribute-definition" foreground="#a1a1ff"/>
  <style name="rubyonrails:block-parameter" foreground="#c1c144"/>
  <style name="rubyonrails:builtin" foreground="#c1c144"/>
  <style name="rubyonrails:class-variable" foreground="#c1c144"/>
  <style name="rubyonrails:complex-interpolation" foreground="#afa472"/>
  <style name="rubyonrails:constant" foreground="#6782d3"/>
  <style name="rubyonrails:instance-variable" foreground="#c1c144"/>
  <style name="rubyonrails:module-handler" foreground="#a1a1ff"/>
  <style name="rubyonrails:predefined-variable" foreground="#de8e30" bold="true"/>
  <style name="rubyonrails:rails" foreground="#c1c144"/>
  <style name="rubyonrails:regex" foreground="#666666"/>
  <style name="rubyonrails:simple-interpolation" foreground="#afa472"/>
  <style name="rubyonrails:special-variable" foreground="#a1a1ff"/>
  <style name="rubyonrails:symbol" foreground="#6782d3"/>
  <style name="search-match"  background="#353030" bold="true" underline="true"/>
  <style name="selection" foreground="#dadada" background="#4a3b4e"/>
  <style name="text" foreground="#dadada" background="#211e1e"/>
  <style name="xml:doctype" foreground="#888888"/>


</style-scheme>

