<?xml version="1.0" encoding="UTF-8"?>
<!--
 Copyright (C) 2009 tm2gtksw2(Alexandre da Silva)

 This file was generated from a textmate theme named RDark
 with tm2gtksw2 tool. (Alexandre da Silva)

 This library is free software; you can redistribute it and/or
 modify it under the terms of the GNU Library General Public
 License as published by the Free Software Foundation; either
 version 2 of the License, or (at your option) any later version.

 This library is distributed in the hope that it will be useful,
 but WITHOUT ANY WARRANTY; without even the implied warranty of
 MERCHANTABILITY or FITNESS FOR A PARTICULAR PURPOSE.  See the GNU
 Library General Public License for more details.

 You should have received a copy of the GNU Library General Public
 License along with this library; if not, write to the
 Free Software Foundation, Inc., 59 Temple Place - Suite 330,
 Boston, MA 02111-1307, USA.
-->

<style-scheme id="rdark" _name="RDark" version="1.0">
  <author>tm2gtksw2(Alexandre da Silva)</author>
  <_description>GMate Theme - Generated from textmate theme with tm2gtksw2</_description>

  <style name="bracket-match"  background="#0f1415" bold="true"/>
  <style name="bracket-mismatch"  background="#0f1415" underline="true"/>
  <style name="css:at-rules" foreground="#5ba1cf"/>
  <style name="css:color" foreground="#ffffff"/>
  <style name="current-line"  background="#0f1415"/>
  <style name="cursor" foreground="#ffffff"/>
  <style name="def:base-n-integer" foreground="#5ce638"/>
  <style name="def:boolean" foreground="#5ce638"/>
  <style name="def:builtin" foreground="#5ce638"/>
  <style name="def:character" foreground="#ffffff"/>
  <style name="def:comment" foreground="#646763"/>
  <style name="def:complex" foreground="#5ce638"/>
  <style name="def:decimal" foreground="#5ce638"/>
  <style name="def:doc-comment" foreground="#646763"/>
  <style name="def:doc-comment-element" foreground="#646763"/>
  <style name="def:floating-point" foreground="#5ce638"/>
  <style name="def:function" foreground="#ffaa3e"/>
  <style name="def:identifier" foreground="#ffffff"/>
  <style name="def:keyword" foreground="#5ba1cf"/>
  <style name="def:note" foreground="#646763"/>
  <style name="def:number" foreground="#5ce638"/>
  <style name="def:operator" foreground="#5ba1cf"/>
  <style name="def:preprocessor" foreground="#5ba1cf"/>
  <style name="def:reserved" foreground="#5ba1cf"/>
  <style name="def:shebang" foreground="#646763"/>
  <style name="def:special-char" foreground="#ffffff"/>
  <style name="def:special-constant" foreground="#5ce638"/>
  <style name="def:statement" foreground="#5ba1cf"/>
  <style name="def:string" foreground="#5ce638"/>
  <style name="draw-spaces" foreground="#bfbfbf"/>
  <style name="html:dtd" foreground="#5ce638"/>
  <style name="html:tag" foreground="#ffffff"/>
  <style name="line-numbers" foreground="#b9bdb6" background="#0f1415"/>
  <style name="perl:builtin" foreground="#ffaa3e"/>
  <style name="perl:include-statement" foreground="#5ba1cf"/>
  <style name="perl:special-variable" foreground="#5ce638"/>
  <style name="perl:variable" foreground="#ffffff"/>
  <style name="php:string" foreground="#5ce638"/>
  <style name="python:builtin-constant" foreground="#5ba1cf"/>
  <style name="python:builtin-function" foreground="#ffaa3e"/>
  <style name="python:module-handler" foreground="#5ba1cf"/>
  <style name="python:special-variable" foreground="#5ba1cf"/>
  <style name="ruby:attribute-definition" foreground="#5ba1cf"/>
  <style name="ruby:builtin" foreground="#ffffff"/>
  <style name="ruby:class-variable" foreground="#ffffff"/>
  <style name="ruby:constant" foreground="#ffffff"/>
  <style name="ruby:global-variable" foreground="#ffaa3e"/>
  <style name="ruby:instance-variable" foreground="#ffffff"/>
  <style name="ruby:module-handler" foreground="#5ba1cf"/>
  <style name="ruby:predefined-variable" foreground="#5ce638"/>
  <style name="ruby:regex" foreground="#5ce638"/>
  <style name="ruby:special-variable" foreground="#5ba1cf"/>
  <style name="ruby:symbol" foreground="#ffffff"/>
  <style name="rubyonrails:attribute-definition" foreground="#5ba1cf"/>
  <style name="rubyonrails:block-parameter" foreground="#ffffff"/>
  <style name="rubyonrails:builtin" foreground="#ffffff"/>
  <style name="rubyonrails:class-inherit" foreground="#ffffff"/>
  <style name="rubyonrails:class-variable" foreground="#ffffff"/>
  <style name="rubyonrails:complex-interpolation" foreground="#ffffff"/>
  <style name="rubyonrails:constant" foreground="#ffffff"/>
  <style name="rubyonrails:global-variable" foreground="#ffaa3e"/>
  <style name="rubyonrails:instance-variable" foreground="#ffffff"/>
  <style name="rubyonrails:module-handler" foreground="#5ba1cf"/>
  <style name="rubyonrails:predefined-variable" foreground="#5ce638"/>
  <style name="rubyonrails:rails" foreground="#ffffff"/>
  <style name="rubyonrails:regex" foreground="#5ce638"/>
  <style name="rubyonrails:simple-interpolation" foreground="#ffffff"/>
  <style name="rubyonrails:special-variable" foreground="#5ba1cf"/>
  <style name="rubyonrails:symbol" foreground="#ffffff"/>
  <style name="search-match"  background="#0f1415" bold="true" underline="true"/>
  <style name="selection" foreground="#b9bdb6" background="#69727c"/>
  <style name="text" foreground="#b9bdb6" background="#1b2426"/>
  <style name="xml:attribute-name" foreground="#878a85"/>
  <style name="xml:element-name" foreground="#ffffff"/>
  <style name="xml:namespace" foreground="#ffffff"/>
  <style name="xml:tag" foreground="#ffffff"/>
  

</style-scheme>

