<?xml version="1.0" encoding="UTF-8"?>
<!--
 Copyright (C) 2009 tm2gtksw2(Alexandre da Silva)

 This file was generated from a textmate theme named RubyRobot
 with tm2gtksw2 tool. (Alexandre da Silva)

 This library is free software; you can redistribute it and/or
 modify it under the terms of the GNU Library General Public
 License as published by the Free Software Foundation; either
 version 2 of the License, or (at your option) any later version.

 This library is distributed in the hope that it will be useful,
 but WITHOUT ANY WARRANTY; without even the implied warranty of
 MERCHANTABILITY or FITNESS FOR A PARTICULAR PURPOSE.  See the GNU
 Library General Public License for more details.

 You should have received a copy of the GNU Library General Public
 License along with this library; if not, write to the
 Free Software Foundation, Inc., 59 Temple Place - Suite 330,
 Boston, MA 02111-1307, USA.
-->

<style-scheme id="rubyrobot" _name="RubyRobot" version="1.0">
  <author>tm2gtksw2(Alexandre da Silva)</author>
  <_description>GMate Theme - Generated from textmate theme with tm2gtksw2</_description>

  <style name="bracket-match"  background="#1b1b00" bold="true"/>
  <style name="bracket-mismatch"  background="#1b1b00" underline="true"/>
  <style name="css:at-rules" foreground="#d01d33"/>
  <style name="css:color" foreground="#367c1b"/>
  <style name="current-line"  background="#1b1b00"/>
  <style name="cursor" foreground="#ffffff"/>
  <style name="def:base-n-integer" foreground="#367c1b"/>
  <style name="def:boolean" foreground="#367c1b"/>
  <style name="def:builtin" foreground="#367c1b"/>
  <style name="def:character" foreground="#60f400"/>
  <style name="def:comment" foreground="#a28075" background="#121212"/>
  <style name="def:complex" foreground="#367c1b"/>
  <style name="def:constant" foreground="#367c1b"/>
  <style name="def:decimal" foreground="#367c1b"/>
  <style name="def:doc-comment" foreground="#a28075" background="#121212"/>
  <style name="def:doc-comment-element" foreground="#a28075" background="#121212"/>
  <style name="def:floating-point" foreground="#367c1b"/>
  <style name="def:function" foreground="#aaaaaa"/>
  <style name="def:identifier" foreground="#aaaaaa"/>
  <style name="def:keyword" foreground="#d01d33"/>
  <style name="def:note" foreground="#a28075"/>
  <style name="def:number" foreground="#367c1b"/>
  <style name="def:operator" foreground="#d01d33"/>
  <style name="def:preprocessor" foreground="#d01d33"/>
  <style name="def:reserved" foreground="#d01d33"/>
  <style name="def:shebang" foreground="#a28075" background="#121212"/>
  <style name="def:special-char" foreground="#367c1b"/>
  <style name="def:special-constant" foreground="#367c1b"/>
  <style name="def:statement" foreground="#d01d33"/>
  <style name="def:string" foreground="#60f400"/>
  <style name="draw-spaces" foreground="#404040"/>
  <style name="html:dtd" foreground="#60f400"/>
  <style name="html:tag" foreground="#aaaaaa"/>
  <style name="js:function" foreground="#cbc3b1"/>
  <style name="line-numbers" foreground="#ffffff" background="#1b1b00"/>
  <style name="perl:builtin" foreground="#aaaaaa"/>
  <style name="perl:include-statement" foreground="#d01d33"/>
  <style name="perl:line-directive" foreground="#367c1b"/>
  <style name="perl:special-variable" foreground="#d01d33"/>
  <style name="perl:type" foreground="#367c1b"/>
  <style name="perl:variable" foreground="#aaaaaa"/>
  <style name="php:string" foreground="#60f400"/>
  <style name="python:builtin-constant" foreground="#d01d33"/>
  <style name="python:builtin-function" foreground="#aaaaaa"/>
  <style name="python:builtin-object" foreground="#367c1b"/>
  <style name="python:module-handler" foreground="#d01d33"/>
  <style name="python:special-variable" foreground="#d01d33"/>
  <style name="ruby:attribute-definition" foreground="#d01d33"/>
  <style name="ruby:builtin" foreground="#aaaaaa"/>
  <style name="ruby:class-variable" foreground="#aaaaaa"/>
  <style name="ruby:constant" foreground="#367c1b"/>
  <style name="ruby:global-variable" foreground="#aaaaaa"/>
  <style name="ruby:instance-variable" foreground="#aaaaaa"/>
  <style name="ruby:module-handler" foreground="#d01d33"/>
  <style name="ruby:predefined-variable" foreground="#367c1b"/>
  <style name="ruby:regex" foreground="#d8e600"/>
  <style name="ruby:special-variable" foreground="#d01d33"/>
  <style name="ruby:symbol" foreground="#367c1b"/>
  <style name="rubyonrails:attribute-definition" foreground="#d01d33"/>
  <style name="rubyonrails:block-parameter" foreground="#c3c3c3"/>
  <style name="rubyonrails:builtin" foreground="#aaaaaa"/>
  <style name="rubyonrails:class-inherit"  underline="true"/>
  <style name="rubyonrails:class-name"  underline="true"/>
  <style name="rubyonrails:class-variable" foreground="#aaaaaa"/>
  <style name="rubyonrails:complex-interpolation" foreground="#367c1b"/>
  <style name="rubyonrails:constant" foreground="#367c1b"/>
  <style name="rubyonrails:global-variable" foreground="#aaaaaa"/>
  <style name="rubyonrails:instance-variable" foreground="#aaaaaa"/>
  <style name="rubyonrails:module-handler" foreground="#d01d33"/>
  <style name="rubyonrails:module-name"  underline="true"/>
  <style name="rubyonrails:predefined-variable" foreground="#367c1b"/>
  <style name="rubyonrails:rails" foreground="#aaaaaa"/>
  <style name="rubyonrails:regex" foreground="#d8e600"/>
  <style name="rubyonrails:simple-interpolation" foreground="#367c1b"/>
  <style name="rubyonrails:special-variable" foreground="#d01d33"/>
  <style name="rubyonrails:symbol" foreground="#367c1b"/>
  <style name="search-match"  background="#1b1b00" bold="true" underline="true"/>
  <style name="selection" foreground="#ffffff" background="#336299"/>
  <style name="text" foreground="#ffffff" background="#000000"/>
  <style name="xml:attribute-name" foreground="#367c1b"/>
  <style name="xml:doctype" foreground="#aaaaaa"/>
  <style name="xml:tag" foreground="#aaaaaa"/>
  

</style-scheme>

