<?xml version="1.0" encoding="UTF-8"?>
<!--
 Copyright (C) 2009 tm2gtksw2(Alexandre da Silva)

 This file was generated from a textmate theme named SpaceCadet Pro
 with tm2gtksw2 tool. (Alexandre da Silva)

 This library is free software; you can redistribute it and/or
 modify it under the terms of the GNU Library General Public
 License as published by the Free Software Foundation; either
 version 2 of the License, or (at your option) any later version.

 This library is distributed in the hope that it will be useful,
 but WITHOUT ANY WARRANTY; without even the implied warranty of
 MERCHANTABILITY or FITNESS FOR A PARTICULAR PURPOSE.  See the GNU
 Library General Public License for more details.

 You should have received a copy of the GNU Library General Public
 License along with this library; if not, write to the
 Free Software Foundation, Inc., 59 Temple Place - Suite 330,
 Boston, MA 02111-1307, USA.
-->

<style-scheme id="spacecadetpro" _name="SpaceCadet Pro" version="1.0">
  <author>tm2gtksw2(Alexandre da Silva)</author>
  <_description>GMate Theme - Generated from textmate theme with tm2gtksw2</_description>

  <style name="bracket-match"  background="#171717" bold="true"/>
  <style name="bracket-mismatch"  background="#171717" underline="true"/>
  <style name="css:color" foreground="#a8885a" background="#13100a"/>
  <style name="css:keyword" foreground="#9ebf60" background="#13180c"/>
  <style name="current-line"  background="#171717"/>
  <style name="cursor" foreground="#c6641a"/>
  <style name="def:base-n-integer" foreground="#a8885a" background="#13100a"/>
  <style name="def:boolean" foreground="#a8885a" background="#13100a"/>
  <style name="def:builtin" foreground="#8a4b66" background="#12030d"/>
  <style name="def:character" foreground="#a17096"/>
  <style name="def:comment" foreground="#473c45"/>
  <style name="def:complex" foreground="#a8885a" background="#13100a"/>
  <style name="def:constant" foreground="#a8885a" background="#13100a"/>
  <style name="def:decimal" foreground="#a8885a" background="#13100a"/>
  <style name="def:doc-comment" foreground="#473c45"/>
  <style name="def:doc-comment-element" foreground="#473c45"/>
  <style name="def:error"  background="#5f0047"/>
  <style name="def:floating-point" foreground="#a8885a" background="#13100a"/>
  <style name="def:function" foreground="#6078bf" background="#0e121d"/>
  <style name="def:identifier" foreground="#596380"/>
  <style name="def:keyword" foreground="#9ebf60" background="#13180c"/>
  <style name="def:note" foreground="#473c45"/>
  <style name="def:number" foreground="#a8885a" background="#13100a"/>
  <style name="def:operator" foreground="#b64033" background="#180807"/>
  <style name="def:preprocessor" foreground="#8a4b66" background="#12030d"/>
  <style name="def:shebang" foreground="#473c45"/>
  <style name="def:special-char" foreground="#8a4b66" background="#12030d"/>
  <style name="def:special-constant" foreground="#a8885a" background="#13100a"/>
  <style name="def:string" foreground="#a17096"/>
  <style name="def:type" foreground="#8a4b66" background="#12030d"/>
  <style name="draw-spaces" foreground="#282828"/>
  <style name="html:dtd" foreground="#a17096"/>
  <style name="html:tag" foreground="#6078bf" background="#0e121d"/>
  <style name="js:function" foreground="#8a4b66" background="#12030d"/>
  <style name="line-numbers" foreground="#dde6cf" background="#171717"/>
  <style name="perl:builtin" foreground="#6078bf" background="#0e121d"/>
  <style name="perl:line-directive" foreground="#a8885a" background="#13100a"/>
  <style name="perl:special-variable" foreground="#a8885a" background="#13100a"/>
  <style name="perl:type" foreground="#a8885a" background="#13100a"/>
  <style name="perl:variable" foreground="#596380"/>
  <style name="php:string" foreground="#a17096"/>
  <style name="python:builtin-function" foreground="#a8885a" background="#13100a"/>
  <style name="python:builtin-object" foreground="#a8885a" background="#13100a"/>
  <style name="ruby:attribute-definition" foreground="#596380"/>
  <style name="ruby:builtin" foreground="#596380"/>
  <style name="ruby:class-variable" foreground="#596380"/>
  <style name="ruby:constant" foreground="#596380"/>
  <style name="ruby:global-variable" foreground="#6078bf" background="#0e121d"/>
  <style name="ruby:instance-variable" foreground="#596380"/>
  <style name="ruby:predefined-variable" foreground="#a8885a" background="#13100a"/>
  <style name="ruby:regex" foreground="#a17096"/>
  <style name="ruby:symbol" foreground="#a8885a" background="#13100a"/>
  <style name="rubyonrails:attribute-definition" foreground="#596380"/>
  <style name="rubyonrails:block-parameter" foreground="#596380"/>
  <style name="rubyonrails:builtin" foreground="#8a4b66" background="#12030d"/>
  <style name="rubyonrails:class-inherit"  italic="true"/>
  <style name="rubyonrails:class-name" foreground="#6078bf" background="#0e121d"/>
  <style name="rubyonrails:class-variable" foreground="#596380"/>
  <style name="rubyonrails:complex-interpolation" foreground="#a8885a" background="#13100a"/>
  <style name="rubyonrails:constant" foreground="#596380"/>
  <style name="rubyonrails:global-variable" foreground="#6078bf" background="#0e121d"/>
  <style name="rubyonrails:instance-variable" foreground="#596380"/>
  <style name="rubyonrails:module-name" foreground="#6078bf" background="#0e121d"/>
  <style name="rubyonrails:predefined-variable" foreground="#a8885a" background="#13100a"/>
  <style name="rubyonrails:rails" foreground="#596380"/>
  <style name="rubyonrails:regex" foreground="#a17096"/>
  <style name="rubyonrails:simple-interpolation" foreground="#a8885a" background="#13100a"/>
  <style name="rubyonrails:symbol" foreground="#a8885a" background="#13100a"/>
  <style name="search-match"  background="#171717" bold="true" underline="true"/>
  <style name="selection" foreground="#dde6cf" background="#333232"/>
  <style name="text" foreground="#dde6cf" background="#0e0e0e"/>
  <style name="xml:attribute-name" foreground="#6078bf" background="#0e121d"/>
  <style name="xml:element-name" foreground="#6078bf" background="#0e121d"/>
  <style name="xml:namespace" foreground="#6078bf" background="#0e121d"/>
  <style name="xml:tag" foreground="#6078bf" background="#0e121d"/>
  

</style-scheme>

