<?xml version="1.0" encoding="UTF-8"?>
<!--
 Copyright (C) 2009 tm2gtksw2(Alexandre da Silva)

 This file was generated from a textmate theme named Vibrant Ink
 with tm2gtksw2 tool. (Alexandre da Silva)

 This library is free software; you can redistribute it and/or
 modify it under the terms of the GNU Library General Public
 License as published by the Free Software Foundation; either
 version 2 of the License, or (at your option) any later version.

 This library is distributed in the hope that it will be useful,
 but WITHOUT ANY WARRANTY; without even the implied warranty of
 MERCHANTABILITY or FITNESS FOR A PARTICULAR PURPOSE.  See the GNU
 Library General Public License for more details.

 You should have received a copy of the GNU Library General Public
 License along with this library; if not, write to the
 Free Software Foundation, Inc., 59 Temple Place - Suite 330,
 Boston, MA 02111-1307, USA.
-->

<style-scheme id="vibrantink" _name="Vibrant Ink" version="1.0">
  <author>tm2gtksw2(Alexandre da Silva)</author>
  <_description>GMate Theme - Generated from textmate theme with tm2gtksw2</_description>

  <style name="bracket-match" background="#121200" bold="true"/>
  <style name="bracket-mismatch" background="#330800" underline="true"/>
  <style name="css:at-rules" foreground="#ff6600"/>
  <style name="css:color" foreground="#ffffff"/>
  <style name="css:keyword" foreground="#999966"/>
  <style name="current-line"  background="#101211"/>
  <style name="cursor" foreground="#ffffff"/>
  <style name="def:base-n-integer" foreground="#ccff33"/>
  <style name="def:boolean" foreground="#339999"/>
  <style name="def:builtin" foreground="#339999"/>
  <style name="def:character" foreground="#66ff00"/>
  <style name="def:comment" foreground="#9933cc"/>
  <style name="def:complex" foreground="#ccff33"/>
  <style name="def:constant" foreground="#339999"/>
  <style name="def:decimal" foreground="#ccff33"/>
  <style name="def:doc-comment" foreground="#9933cc"/>
  <style name="def:doc-comment-element" foreground="#9933cc"/>
  <style name="def:floating-point" foreground="#ccff33"/>
  <style name="def:function" foreground="#ffcc00"/>
  <style name="def:identifier" foreground="#ffffff"/>
  <style name="def:keyword" foreground="#ff6600"/>
  <style name="def:note" foreground="#9933cc"/>
  <style name="def:number" foreground="#ccff33"/>
  <style name="def:operator" foreground="#ff6600"/>
  <style name="def:preprocessor" foreground="#ff6600"/>
  <style name="def:reserved" foreground="#ff6600"/>
  <style name="def:shebang" foreground="#9933cc"/>
  <style name="def:special-char" foreground="#339999"/>
  <style name="def:special-constant" foreground="#339999"/>
  <style name="def:statement" foreground="#ff6600"/>
  <style name="def:string" foreground="#66ff00"/>
  <style name="draw-spaces" foreground="#404040"/>
  <style name="html:dtd" foreground="#66ff00"/>
  <style name="html:tag" foreground="#ffcc00"/>
  <style name="line-numbers" foreground="#ffffff" background="#333300"/>
  <style name="perl:builtin" foreground="#ffcc00"/>
  <style name="perl:include-statement" foreground="#ff6600"/>
  <style name="perl:line-directive" foreground="#339999"/>
  <style name="perl:special-variable" foreground="#ff6600"/>
  <style name="perl:type" foreground="#339999"/>
  <style name="perl:variable" foreground="#ffffff"/>
  <style name="php:string" foreground="#66ff00"/>
  <style name="python:builtin-constant" foreground="#ff6600"/>
  <style name="python:builtin-function" foreground="#ffcc00"/>
  <style name="python:builtin-object" foreground="#339999"/>
  <style name="python:module-handler" foreground="#ff6600"/>
  <style name="python:special-variable" foreground="#ff6600"/>
  <style name="ruby:attribute-definition" foreground="#ff6600"/>
  <style name="ruby:builtin" foreground="#ffffff"/>
  <style name="ruby:class-variable" foreground="#ffffff"/>
  <style name="ruby:constant" foreground="#ffffff"/>
  <style name="ruby:global-variable" foreground="#ffcc00"/>
  <style name="ruby:instance-variable" foreground="#ffffff"/>
  <style name="ruby:module-handler" foreground="#ff6600"/>
  <style name="ruby:predefined-variable" foreground="#339999"/>
  <style name="ruby:regex" foreground="#44b4cc"/>
  <style name="ruby:special-variable" foreground="#ff6600"/>
  <style name="ruby:symbol" foreground="#339999"/>
  <style name="rubyonrails:attribute-definition" foreground="#ff6600"/>
  <style name="rubyonrails:block-parameter"  italic="true"/>
  <style name="rubyonrails:builtin" foreground="#ffffff"/>
  <style name="rubyonrails:class-inherit"  underline="true" italic="true"/>
  <style name="rubyonrails:class-variable" foreground="#ffffff"/>
  <style name="rubyonrails:complex-interpolation" foreground="#000000" background="#cccc33"/>
  <style name="rubyonrails:constant" foreground="#ffffff"/>
  <style name="rubyonrails:global-variable" foreground="#ffcc00"/>
  <style name="rubyonrails:instance-variable" foreground="#ffffff"/>
  <style name="rubyonrails:module-handler" foreground="#ff6600"/>
  <style name="rubyonrails:predefined-variable" foreground="#339999"/>
  <style name="rubyonrails:rails" foreground="#ffffff"/>
  <style name="rubyonrails:regex" foreground="#44b4cc"/>
  <style name="rubyonrails:simple-interpolation" foreground="#000000" background="#cccc33"/>
  <style name="rubyonrails:special-variable" foreground="#ff6600"/>
  <style name="rubyonrails:symbol" foreground="#339999"/>
  <style name="search-match"  background="#4a2e5b" bold="true" underline="true"/>
  <style name="selection" foreground="#ffffff" background="#2e4034"/>
  <style name="text" foreground="#ffffff" background="#000000"/>
  <style name="xml:attribute-name" foreground="#99cc99" italic="true"/>
  <style name="xml:tag" foreground="#ffcc00"/>

</style-scheme>

